scenario,metallicity_source,dilution_range_source,log_OH_plus12_source,log_NO_source,log_CO_source,log_HeH_source,log_C12C13_source,log_NC_lower,log_NC_upper,bracket_NC_lower,bracket_NC_upper,mom_solar_log_NC,mom_bracket_NC_lower,mom_bracket_NC_upper
Salpeter above remnant,0,50 - 118,7.99 – 7.62,-0.55,-0.20,-1.07 – -1.08,2.18,-0.35000000000000003,-0.35000000000000003,0.27999999999999997,0.27999999999999997,-0.6,0.24999999999999994,0.24999999999999994
Salpeter above remnant,10^{-5},15 - 36,7.99 – 7.62,-0.23 – -0.24,-0.08,-1.05 – -1.07,1.42,-0.15999999999999998,-0.15000000000000002,0.47000000000000003,0.48,-0.6,0.44,0.44999999999999996
Salpeter above remnant,4\times 10^{-4},15 - 46,7.99 – 7.62,-1.57 – -1.30,-0.17 – -0.19,-1.05 – -1.07,2.90 – 2.52,-1.4000000000000001,-1.11,-0.7700000000000001,-0.4800000000000001,-0.6,-0.8000000000000002,-0.5100000000000001
Salpeter above remnant,0.002,48 - 1000,8.00 – 7.84,-0.98 – -0.89,-0.23 – -0.27,-1.07 – -1.08,2.15 – 1.96,-0.75,-0.62,-0.12,0.010000000000000009,-0.6,-0.15000000000000002,-0.020000000000000018
Salpeter above remnant,0.006,–,8.70 – 8.32,-0.55 – -0.88,0.08 – -0.27,-0.86 – -1.06,2.41 – 1.95,-0.96,-0.28,-0.32999999999999996,0.35,-0.6,-0.36,0.31999999999999995
Salpeter above remnant,0.014,–,9.29 – 8.70,-0.82 – -0.88,-0.10 – -0.27,-0.83 – -1.03,2.37 – 1.95,-0.78,-0.5499999999999999,-0.15000000000000002,0.08000000000000007,-0.6,-0.18000000000000005,0.050000000000000044
Salpeter above CO core,0,67 - 159,7.99 – 7.62,-0.69,-0.10,-1.07 – -1.08,2.42,-0.59,-0.59,0.040000000000000036,0.040000000000000036,-0.6,0.010000000000000009,0.010000000000000009
Salpeter above CO core,10^{-5},29 - 70,8.00 – 7.62,-0.51,-0.04,-1.06 – -1.08,1.68,-0.47000000000000003,-0.47000000000000003,0.15999999999999998,0.15999999999999998,-0.6,0.12999999999999995,0.12999999999999995
Salpeter above CO core,4\times 10^{-4},14 - 41,7.97 – 7.62,-1.53 – -1.29,0.01 – -0.03,-1.05 – -1.07,3.06 – 2.67,-1.54,-1.26,-0.91,-0.63,-0.6,-0.9400000000000001,-0.66
Salpeter above CO core,0.002,78 - 1000,8.00 – 7.85,-1.01 – -0.89,-0.20 – -0.26,-1.07 – -1.08,2.19 – 1.98,-0.81,-0.63,-0.18000000000000005,0.0,-0.6,-0.21000000000000008,-0.030000000000000027
Salpeter above CO core,0.006,–,9.20 – 8.32,-1.05 – -0.88,-0.04 – -0.27,-0.84 – -1.06,2.80 – 1.96,-1.01,-0.61,-0.38,0.020000000000000018,-0.6,-0.41000000000000003,-0.010000000000000009
Salpeter above CO core,0.014,–,9.46 – 8.70,-1.00 – -0.88,-0.05 – -0.27,-0.81 – -1.03,2.59 – 1.96,-0.95,-0.61,-0.31999999999999995,0.020000000000000018,-0.6,-0.35,-0.010000000000000009
Top-heavy above remnant,0,53 - 125,7.99 – 7.62,-0.22,-0.07,-1.07 – -1.08,1.71,-0.15,-0.15,0.48,0.48,-0.6,0.44999999999999996,0.44999999999999996
Top-heavy above remnant,10^{-5},47 - 114,8.00 – 7.62,-0.38,-0.51,-1.07 – -1.08,1.35,0.13,0.13,0.76,0.76,-0.6,0.73,0.73
Top-heavy above remnant,4\times 10^{-4},45 - 139,8.00 – 7.62,-1.67 – -1.34,-0.58 – -0.50,-1.07 – -1.08,2.49 – 2.21,-1.17,-0.7600000000000001,-0.5399999999999999,-0.13000000000000012,-0.6,-0.57,-0.16000000000000014
Top-heavy above remnant,0.002,187 - 1000,8.00 – 7.87,-1.03 – -0.91,-0.37 – -0.30,-1.07 – -1.08,2.02 – 1.96,-0.73,-0.54,-0.09999999999999998,0.08999999999999997,-0.6,-0.13,0.05999999999999994
Top-heavy above remnant,0.006,–,8.92 – 8.32,-0.67 – -0.88,0.26 – -0.27,-0.79 – -1.06,2.70 – 1.96,-1.1400000000000001,-0.4,-0.5100000000000001,0.22999999999999998,-0.6,-0.5400000000000001,0.19999999999999996
Top-heavy above remnant,0.014,–,9.13 – 8.70,-0.59 – -0.88,0.24 – -0.27,-0.75 – -1.03,2.62 – 1.96,-1.12,-0.31999999999999995,-0.4900000000000001,0.31000000000000005,-0.6,-0.5200000000000001,0.28
Top-heavy above CO core,0,66 - 158,8.00 – 7.62,-0.35,-0.06,-1.07 – -1.08,1.84,-0.29,-0.29,0.34,0.34,-0.6,0.31,0.31
Top-heavy above CO core,10^{-5},44 - 106,8.00 – 7.62,-0.36,-0.13,-1.07 – -1.08,1.64 – 1.65,-0.22999999999999998,-0.22999999999999998,0.4,0.4,-0.6,0.37,0.37
Top-heavy above CO core,4\times 10^{-4},17 - 52,7.99 – 7.62,-1.55 – -1.30,-0.04 – -0.08,-1.04 – -1.07,2.99 – 2.61,-1.51,-1.22,-0.88,-0.59,-0.6,-0.91,-0.62
Top-heavy above CO core,0.002,96 - 1000,8.00 – 7.85,-1.01 – -0.90,-0.23 – -0.27,-1.07 – -1.08,2.16 – 1.98,-0.78,-0.63,-0.15000000000000002,0.0,-0.6,-0.18000000000000005,-0.030000000000000027
Top-heavy above CO core,0.006,–,9.42 – 8.32,-1.18 – -0.88,0.03 – -0.27,-0.78 – -1.06,2.98 – 1.97,-1.21,-0.61,-0.58,0.020000000000000018,-0.6,-0.61,-0.010000000000000009
Top-heavy above CO core,0.014,–,9.47 – 8.70,-0.94 – -0.88,0.14 – -0.27,-0.74 – -1.03,2.86 – 1.96,-1.08,-0.61,-0.45000000000000007,0.020000000000000018,-0.6,-0.4800000000000001,-0.010000000000000009
