wavelength_um,point_R,uniform_R,dlds_um_per_pixel
0.5,151.4055042122443,90.97187042236328,0.002498274901881814
0.5055000185966492,149.45040117608693,88.99801635742188,0.0025817735586315393
0.5109999775886536,147.5227019593034,87.0956039428711,0.002666870830580592
0.5164999961853027,145.62211729007578,85.26132202148438,0.0027535664848983288
0.5220000147819519,143.74842234396283,83.49205780029297,0.0028418598230928183
0.5274999737739563,141.90139275272173,81.7848892211914,0.002931748516857624
0.5329999923706055,140.08074585857537,80.13705444335938,0.0030232297722250223
0.5385000109672546,138.28626080433412,78.54593658447266,0.0031163005623966455
0.5440000295639038,136.5176981738568,77.00907897949219,0.0032109555322676897
0.5494999885559082,134.77483889566656,75.52415466308594,0.0033071900252252817
0.5550000071525574,133.0574089635798,74.0889663696289,0.003404997056350112
0.5605000257492065,131.36519275344028,72.7014389038086,0.0035043698735535145
0.5659999847412109,129.69797512325846,71.35958862304688,0.0036053000949323177
0.5715000033378601,128.05548843185977,70.06156158447266,0.0037077784072607756
0.5770000219345093,126.43752093723248,68.80557250976562,0.003811794798821211
0.5824999809265137,124.84386138982785,67.58995819091797,0.003917338326573372
0.5879999995231628,123.2742484088879,66.4131088256836,0.004024397116154432
0.593500018119812,121.72847409788818,65.27352905273438,0.00413295766338706
0.5989999771118164,120.2063310625744,64.16976928710938,0.004243006464093924
0.6044999957084656,118.70756407927814,63.100460052490234,0.004354528151452541
0.6100000143051147,117.23196906020263,62.064308166503906,0.004467506892979145
0.6154999732971191,115.77934242914847,61.0600700378418,0.004581925924867392
0.6209999918937683,114.34943501746255,60.08656692504883,0.004697767551988363
0.6265000104904175,112.94204650922126,59.14268112182617,0.004815012216567993
0.6320000290870667,111.5569622186402,58.227333068847656,0.004933640360832214
0.637499988079071,110.19398360218378,57.339508056640625,0.005053631030023098
0.6430000066757202,108.8528694079223,56.47822952270508,0.005174962803721428
0.6485000252723694,107.53342429161654,55.6425666809082,0.0052976119332015514
0.6539999842643738,106.23545344055907,54.831634521484375,0.005421555135399103
0.659500002861023,104.95872142447217,54.044578552246094,0.005546767730265856
0.6650000214576721,103.70303658465497,53.28059387207031,0.005673224106431007
0.6704999804496765,102.46820780171697,52.53889846801758,0.005800896789878607
0.6759999990463257,101.25400536905323,51.81875228881836,0.0059297592379152775
0.6815000176429749,100.06024127636829,51.11944580078125,0.006059782579541206
0.6869999766349792,98.88672806000795,50.440303802490234,0.006190937012434006
0.6924999952316284,97.73324164026485,49.78066635131836,0.006323192734271288
0.6980000138282776,96.59959761804538,49.13991165161133,0.006456518080085516
0.703499972820282,95.48561214778658,48.5174446105957,0.006590881384909153
0.7089999914169312,94.39106668109707,47.912689208984375,0.006726250052452087
0.7145000100135803,93.31578039281555,47.325096130371094,0.006862590089440346
0.7200000286102295,92.25956167397385,46.75413513183594,0.006999867036938667
0.7254999876022339,91.22223144447725,46.199302673339844,0.007138045504689217
0.7310000061988831,90.20357838438622,45.66011047363281,0.007277090102434158
0.7365000247955322,89.20342637570923,45.136085510253906,0.007416964042931795
0.7419999837875366,88.22159986838858,44.62678527832031,0.007557629607617855
0.7475000023841858,87.25789285535302,44.131778717041016,0.007699049077928066
0.753000020980835,86.3121327053571,43.65064239501953,0.007841183803975582
0.7584999799728394,85.38414736056319,43.1829833984375,0.007983994670212269
0.7639999985694885,84.47373603508294,42.728416442871094,0.008127441629767418
0.7695000171661377,83.580729546969,42.28657150268555,0.008271484635770321
0.7749999761581421,82.7049592927462,41.85708999633789,0.008416082710027695
0.7804999947547913,81.84622961716974,41.43962860107422,0.008561194874346256
0.7860000133514404,81.00437475010051,41.03385925292969,0.008706778287887573
0.7914999723434448,80.17922950453391,40.639461517333984,0.008852792903780937
0.796999990940094,79.3706032664632,40.25613021850586,0.008999194018542767
0.8025000095367432,78.57833364003113,39.883567810058594,0.009145940653979778
0.8080000281333923,77.80225049333285,39.521488189697266,0.00929298810660839
0.8134999871253967,77.04219313566927,39.169620513916016,0.009440293535590172
0.8190000057220459,76.29797753755702,38.827693939208984,0.009587815031409264
0.8245000243186951,75.5694457437582,38.495452880859375,0.009735506027936935
0.8299999833106995,74.85644039152606,38.17265319824219,0.00988332461565733
0.8355000019073486,74.15878228835533,37.85905075073242,0.010031227022409439
0.8410000205039978,73.4763167656173,37.55441665649414,0.010179168544709682
0.8464999794960022,72.8088897505487,37.25852966308594,0.010327104479074478
0.8519999980926514,72.1563268019226,36.97117233276367,0.010474991984665394
0.8575000166893005,71.51847650011001,36.692134857177734,0.010622786357998848
0.8629999756813049,70.89518802435083,36.42121887207031,0.010770444758236408
0.8684999942779541,70.28629160008506,36.158226013183594,0.010917923413217068
0.8740000128746033,69.69163901906148,35.90296936035156,0.01106517668813467
0.8794999718666077,69.1110826745363,35.655269622802734,0.011212163604795933
0.8849999904632568,68.54445737508291,35.41494369506836,0.011358841322362423
0.890500009059906,67.99161808619738,35.181827545166016,0.01150516513735056
0.8960000276565552,67.45241460707035,34.95574951171875,0.011651094071567059
0.9014999866485596,66.92670355722555,34.73655319213867,0.011796586215496063
0.9070000052452087,66.4143257279905,34.52408218383789,0.011941598728299141
0.9125000238418579,65.91514025798631,34.31818389892578,0.012086092494428158
0.9179999828338623,65.42900689212127,34.118717193603516,0.012230023741722107
0.9235000014305115,64.95577081408106,33.925537109375,0.012373355217278004
0.9290000200271606,64.49529424842638,33.73851013183594,0.01251604501157999
0.934499979019165,64.04744002747907,33.557498931884766,0.012658056803047657
0.9399999976158142,63.61205764726947,33.38237762451172,0.01279934961348772
0.9455000162124634,63.18901238067747,33.2130241394043,0.012939885258674622
0.9509999752044678,62.778170109483085,33.049312591552734,0.013079628348350525
0.9564999938011169,62.37938456308217,32.89112854003906,0.013218541629612446
0.9620000123977661,61.99252402506664,32.73835372924805,0.0133565878495574
0.9674999713897705,61.61745738874049,32.590885162353516,0.0134937334805727
0.9729999899864197,61.254042538909346,32.4486083984375,0.013629944995045662
0.9785000085830688,60.9021507322899,32.31142044067383,0.013765187002718449
0.984000027179718,60.56165020698967,32.179222106933594,0.013899426907300949
0.9894999861717224,60.23241381271686,32.051910400390625,0.014032633975148201
0.9950000047683716,59.91430485531504,31.92939567565918,0.014164775609970093
1.000499963760376,59.607201766251194,31.811580657958984,0.014295822940766811
1.00600004196167,59.310967359492565,31.69837760925293,0.014425745233893394
1.0115000009536743,59.02548818085563,31.589696884155273,0.014554515480995178
1.0169999599456787,58.75063247537838,31.48545265197754,0.01468210481107235
1.0225000381469727,58.486270479831205,31.38556671142578,0.014808486215770245
1.027999997138977,58.23229057041965,31.289953231811523,0.014933634549379349
1.0334999561309814,57.988564882411026,31.19853401184082,0.015057525597512722
1.0390000343322754,57.75496749424957,31.111234664916992,0.01518013421446085
1.0444999933242798,57.531388610929525,31.02798080444336,0.015301438048481941
1.0499999523162842,57.31770418432927,30.948698043823242,0.015421414747834206
1.0555000305175781,57.11379206189059,30.87331771850586,0.015540043823421001
1.0609999895095825,56.919544274915495,30.801773071289062,0.015657303854823112
1.066499948501587,56.73484051924976,30.733993530273438,0.01577317714691162
1.0720000267028809,56.55956233961524,30.6699161529541,0.01588764414191246
1.0774999856948853,56.39360359028211,30.609479904174805,0.016000688076019287
1.0829999446868896,56.23684763938161,30.5526180267334,0.01611229218542576
1.0885000228881836,56.08917965815061,30.49927520751953,0.01622244343161583
1.093999981880188,55.950495319645995,30.449390411376953,0.016331123188138008
1.0994999408721924,55.82068159355731,30.40290641784668,0.0164383202791214
1.1050000190734863,55.69962720781177,30.359769821166992,0.016544023528695107
1.1104999780654907,55.587229649249025,30.319927215576172,0.016648218035697937
1.1160000562667847,55.48337726029092,30.283323287963867,0.016750894486904144
1.121500015258789,55.3879687337934,30.249906539916992,0.016852043569087982
1.1269999742507935,55.300896887441866,30.219627380371094,0.016951655969023705
1.1325000524520874,55.22205622434802,30.192440032958984,0.017049722373485565
1.1380000114440918,55.15134724103831,30.168292999267578,0.017146237194538116
1.1434999704360962,55.08866617274077,30.147140502929688,0.01724119484424591
1.1490000486373901,55.03391089758924,30.128938674926758,0.01733458787202835
1.1545000076293945,54.98698370867481,30.113643646240234,0.01742641068994999
1.159999966621399,54.94778419145973,30.101211547851562,0.017516661435365677
1.1655000448226929,54.916213532644804,30.091596603393555,0.017605338245630264
1.1710000038146973,54.89217581403,30.084762573242188,0.017692435532808304
1.1764999628067017,54.875573904910596,30.080669403076172,0.017777953296899796
1.1820000410079956,54.86631223499978,30.079273223876953,0.01786189153790474
1.1875,54.86429666621342,30.08053970336914,0.017944250255823135
1.1929999589920044,54.86943328618065,30.08443260192871,0.018025027588009834
1.1985000371932983,54.881629702960765,30.090911865234375,0.018104229122400284
1.2039999961853027,54.90079354927548,30.099945068359375,0.018181851133704185
1.2094999551773071,54.926834066480865,30.111494064331055,0.018257902935147285
1.215000033378601,54.95966197719514,30.12552833557129,0.018332382664084435
1.2204999923706055,54.99918667493705,30.142011642456055,0.01840529777109623
1.2259999513626099,55.04532049106547,30.16091537475586,0.01847665198147297
1.2315000295639038,55.09797719984272,30.18220329284668,0.01854644902050495
1.2369999885559082,55.1570679448933,30.205848693847656,0.018614696338772774
1.2424999475479126,55.222508084728815,30.2318172454834,0.018681401386857033
1.2480000257492065,55.294214383201506,30.260082244873047,0.018746569752693176
1.253499984741211,55.372099722688915,30.290613174438477,0.018810207024216652
1.2589999437332153,55.456082426869386,30.32338523864746,0.018872322514653206
1.2645000219345093,55.54608218798563,30.358366012573242,0.018932927399873734
1.2699999809265137,55.64201361516734,30.395530700683594,0.018992025405168533
1.2755000591278076,55.743800205115974,30.43485450744629,0.0190496314316988
1.281000018119812,55.85135771115506,30.476308822631836,0.01910575106739998
1.2864999771118164,55.96460926349215,30.519868850708008,0.019160393625497818
1.2920000553131104,56.08347930131782,30.565509796142578,0.01921357400715351
1.2975000143051147,56.20788528331963,30.613208770751953,0.019265301525592804
1.3029999732971191,56.337753143741054,30.66294288635254,0.019315587356686592
1.308500051498413,56.47301009106826,30.714685440063477,0.01936444081366062
1.3140000104904175,56.61357527571556,30.768417358398438,0.019411876797676086
1.3194999694824219,56.75937737707329,30.824113845825195,0.019457906484603882
1.3250000476837158,56.91034631477913,30.88175392150879,0.019502542912960052
1.3305000066757202,57.066402916753134,30.94131851196289,0.019545797258615494
1.3359999656677246,57.22747854946937,31.002782821655273,0.0195876844227314
1.3415000438690186,57.39350578638499,31.066129684448242,0.019628217443823814
1.347000002861023,57.56440711813963,31.131338119506836,0.019667407497763634
1.3524999618530273,57.74011654104419,31.198387145996094,0.0197052713483572
1.3580000400543213,57.92056922584737,31.267261505126953,0.01974182203412056
1.3634999990463257,58.10568931057412,31.33793830871582,0.019777074456214905
1.36899995803833,58.29541336493162,31.410402297973633,0.01981103979051113
1.374500036239624,58.489679101230365,31.48463249206543,0.019843734800815582
1.3799999952316284,58.68841228901357,31.56061363220215,0.01987517438828945
1.3854999542236328,58.891552015744196,31.638328552246094,0.019905373454093933
1.3910000324249268,59.09903848035083,31.717756271362305,0.01993434503674507
1.3964999914169312,59.31079906751381,31.798885345458984,0.01996210590004921
1.4019999504089355,59.52677532760174,31.88170051574707,0.019988669082522392
1.4075000286102295,59.74690989200025,31.96617889404297,0.020014051347970963
1.4129999876022339,59.97113174364267,32.052310943603516,0.020038265734910965
1.4184999465942383,60.19938484173787,32.140079498291016,0.020061329007148743
1.4240000247955322,60.43161419673737,32.229469299316406,0.02008325606584549
1.4294999837875366,60.667750372464695,32.32046890258789,0.02010406367480755
1.434999942779541,60.90773968367529,32.413055419921875,0.020123764872550964
1.440500020980835,61.151529467260445,32.507225036621094,0.02014237456023693
1.4459999799728394,61.39905185010144,32.60295486450195,0.02015991136431694
1.4515000581741333,61.65026093419766,32.70024108886719,0.020176388323307037
1.4570000171661377,61.90508987834278,32.7990608215332,0.020191820338368416
1.462499976158142,62.16348880686104,32.89940643310547,0.02020622231066227
1.468000054359436,62.42540881914971,33.00126266479492,0.02021961100399494
1.4735000133514404,62.690784606348814,33.10462188720703,0.020232001319527626
1.4789999723434448,62.959568509942414,33.20946502685547,0.020243408158421516
1.4845000505447388,63.23171381910379,33.3157844543457,0.020253846421837807
1.4900000095367432,63.50715673832025,33.42356491088867,0.02026333101093769
1.4954999685287476,63.78585177571466,33.532798767089844,0.020271876826882362
1.5010000467300415,64.06775436034286,33.643470764160156,0.020279498770833015
1.506500005722046,64.3528021906323,33.75557327270508,0.020286213606595993
1.5119999647140503,64.64095189156268,33.86909103393555,0.02029203251004219
1.5175000429153442,64.93216098290549,33.9840202331543,0.0202969741076231
1.5230000019073486,65.22636863722863,34.100341796875,0.020301049575209618
1.528499960899353,65.5235335473131,34.21805191040039,0.020304273813962936
1.534000039100647,65.82361527520152,34.33713912963867,0.0203066635876894
1.5394999980926514,66.12655444742228,34.45758819580078,0.0203082337975502
1.5449999570846558,66.43231177622852,34.57939529418945,0.020308993756771088
1.5505000352859497,66.74084881819704,34.70254898071289,0.02030896209180355
1.555999994277954,67.05210763327631,34.82704162597656,0.020308149978518486
1.5614999532699585,67.3660509055751,34.952857971191406,0.020306570455431938
1.5670000314712524,67.6826421391732,35.079994201660156,0.0203042421489954
1.5724999904632568,68.00182480655133,35.20844268798828,0.020301174372434616
1.5779999494552612,68.32356351676293,35.33818817138672,0.020297382026910782
1.5835000276565552,68.64782367505899,35.46923065185547,0.020292876288294792
1.5889999866485596,68.9745501452291,35.60155487060547,0.02028767392039299
1.594499945640564,69.30370941506186,35.73515319824219,0.02028178609907627
1.600000023841858,69.63526874533511,35.870018005371094,0.02027522586286068
1.6054999828338623,69.96917436960808,36.00614547729492,0.02026800625026226
1.6109999418258667,70.3053946088861,36.14352035522461,0.02026013843715191
1.6165000200271606,70.64389853451138,36.28213882446289,0.02025163732469082
1.621999979019165,70.98463372797158,36.4219970703125,0.020242512226104736
1.627500057220459,71.32757775525062,36.563079833984375,0.020232778042554855
1.6330000162124634,71.67267908417881,36.705387115478516,0.02022244781255722
1.6384999752044678,72.0199089918292,36.84890365600586,0.02021152898669243
1.6440000534057617,72.36923946907348,36.99363327026367,0.020200036466121674
1.6495000123977661,72.72062029462893,37.139556884765625,0.020187983289361
1.6549999713897705,73.0740244607307,37.28667449951172,0.020175376906991005
1.6605000495910645,73.42942565219766,37.43497848510742,0.020162232220172882
1.6660000085830688,73.78677493605397,37.5844612121582,0.020148558542132378
1.6714999675750732,74.14604697665271,37.7351188659668,0.020134367048740387
1.6770000457763672,74.50721711023868,37.88694381713867,0.020119668915867805
1.6825000047683716,74.87023766931128,38.03992462158203,0.02010447531938553
1.687999963760376,75.23508494795726,38.194061279296875,0.020088795572519302
1.69350004196167,75.60173589197427,38.34934997558594,0.020072640851140022
1.6990000009536743,75.9701440762687,38.505775451660156,0.020056022331118584
1.7044999599456787,76.34028738292608,38.66333770751953,0.020038951188325882
1.7100000381469727,76.71214432606848,38.8220329284668,0.020021433010697365
1.715499997138977,77.08566969971565,38.981849670410156,0.020003480836749077
1.7209999561309814,77.46084293286452,39.14278793334961,0.019985105842351913
1.7265000343322754,77.83764406736498,39.304840087890625,0.019966313615441322
1.7319999933242798,78.21602909285139,39.46799850463867,0.019947117194533348
1.7374999523162842,78.59597894477884,39.632259368896484,0.01992752216756344
1.7430000305175781,78.97747515275984,39.7976188659668,0.019907541573047638
1.7484999895095825,79.36047487834531,39.964073181152344,0.019887180998921394
1.753999948501587,79.74496052362866,40.13161087036133,0.019866453483700752
1.7595000267028809,80.1309150666396,40.30023193359375,0.01984536275267601
1.7649999856948853,80.5182968169679,40.46992874145508,0.019823921844363213
1.7704999446868896,80.90708960414935,40.64070129394531,0.019802136346697807
1.7760000228881836,81.29727781589838,40.81254196166992,0.01978001557290554
1.781499981880188,81.68882088579892,40.985443115234375,0.019757568836212158
1.7869999408721924,82.0817040322475,41.15940475463867,0.019734801724553108
1.7925000190734863,82.47591301452417,41.33442306518555,0.019711723551154137
1.7979999780654907,82.87140836600247,41.5104866027832,0.01968834362924099
1.8035000562667847,83.2681852693957,41.687599182128906,0.019664667546749115
1.809000015258789,83.66620497775733,41.86574935913086,0.01964070275425911
1.8144999742507935,84.06545494017882,42.04494094848633,0.01961645670235157
1.8200000524520874,84.46592311880397,42.225162506103516,0.019591936841607094
1.8255000114440918,84.86757182582687,42.406410217285156,0.019567152485251427
1.8309999704360962,85.27038979929051,42.588687896728516,0.019542109221220016
1.8365000486373901,85.67436627417175,42.7719841003418,0.01951681077480316
1.8420000076293945,86.07946459725281,42.956295013427734,0.019491270184516907
1.847499966621399,86.48567475915524,43.14162063598633,0.0194654893130064
1.8530000448226929,86.89298723174363,43.32795333862305,0.01943947561085224
1.8585000038146973,87.30136637172683,43.51529312133789,0.019413236528635025
1.8639999628067017,87.71080338651814,43.703636169433594,0.01938677951693535
1.8695000410079956,88.12128994950473,43.892974853515625,0.01936010830104351
1.875,88.53279140256211,44.083309173583984,0.019333230331540108
1.8804999589920044,88.94530013469216,44.274635314941406,0.01930614933371544
1.8860000371932983,89.35880898601033,44.46694564819336,0.0192788764834404
1.8914999961853027,89.77328425871724,44.66024398803711,0.01925141178071499
1.8969999551773071,90.18871948877398,44.854522705078125,0.019223762676119804
1.902500033378601,90.60510864879586,45.04977798461914,0.019195938482880592
1.9079999923706055,91.02241897639522,45.246009826660156,0.019167939200997353
1.9134999513626099,91.44064512043127,45.44321060180664,0.01913977414369583
1.9190000295639038,91.85978215235224,45.641380310058594,0.019111445173621178
1.9244999885559082,92.2797982202103,45.84051513671875,0.01908295974135399
1.9299999475479126,92.70068905226373,46.040611267089844,0.019054323434829712
1.9355000257492065,93.12245078567969,46.241668701171875,0.019025541841983795
1.940999984741211,93.5450524539321,46.44367980957031,0.01899661496281624
1.9464999437332153,93.96849083173458,46.646644592285156,0.018967553973197937
1.9520000219345093,94.39276308941066,46.85055923461914,0.01893835887312889
1.9574999809265137,94.81783912079976,47.055423736572266,0.018909037113189697
1.9630000591278076,95.24372595400337,47.26123046875,0.018879590556025505
1.968500018119812,95.67039404250806,47.467979431152344,0.01885002665221691
1.9739999771118164,96.09784183341151,47.6756706237793,0.018820347264409065
1.9795000553131104,96.52606814807064,47.88429641723633,0.018790559843182564
1.9850000143051147,96.95504425853392,48.0938606262207,0.018760664388537407
1.9904999732971191,97.38476957318267,48.304351806640625,0.018730666488409042
1.996000051498413,97.81524386232957,48.515769958496094,0.018700573593378067
2.001499891281128,98.24642983766529,48.728118896484375,0.01867038384079933
2.006999969482422,98.6783558993834,48.94139099121094,0.018640106543898582
2.012500047683716,99.11099467466693,49.15558624267578,0.01860974170267582
2.0179998874664307,99.54431895134815,49.370697021484375,0.01857929490506649
2.0234999656677246,99.97835816774034,49.586727142333984,0.018548768013715744
2.0290000438690186,100.41308570108606,49.803672790527344,0.01851816661655903
2.0344998836517334,100.8484750840928,50.02153015136719,0.018487492576241493
2.0399999618530273,101.28455675861949,50.240299224853516,0.018456751480698586
2.0455000400543213,101.72130482707865,50.45997619628906,0.018425945192575455
2.0510001182556152,102.15871251689987,50.6805534362793,0.0183950774371624
2.05649995803833,102.59675431477632,50.902042388916016,0.01836415007710457
2.062000036239624,103.0354619485658,51.124427795410156,0.01833316683769226
2.067500114440918,103.47481044891771,51.34771728515625,0.018302133306860924
2.072999954223633,103.91477498868124,51.5718994140625,0.018271049484610558
2.0785000324249268,104.35538822241796,51.79697799682617,0.01823991909623146
2.0840001106262207,104.79662584802071,52.022953033447266,0.01820874586701393
2.0894999504089355,105.2384636994156,52.24981689453125,0.01817753165960312
2.0950000286102295,105.68093532653933,52.47757339477539,0.018146280199289322
2.1005001068115234,106.12401706978,52.706214904785156,0.01811499334871769
2.1059999465942383,106.56768539914475,52.93574142456055,0.01808367483317852
2.1115000247955322,107.01197472952896,53.16615295410156,0.018052324652671814
2.117000102996826,107.45686201914788,53.3974494934082,0.01802094839513302
2.122499942779541,107.90232434915896,53.62962341308594,0.017989547923207283
2.128000020980835,108.34839696992003,53.86267852783203,0.017958125099539757
2.133500099182129,108.79505743287154,54.09661102294922,0.01792668178677559
2.1389999389648438,109.24228340549217,54.331417083740234,0.017895221710205078
2.1445000171661377,109.6901109449787,54.56709671020508,0.017863744869828224
2.1500000953674316,110.13851817149435,54.803646087646484,0.017832256853580475
2.1554999351501465,110.58748331410385,55.04106903076172,0.01780075766146183
2.1610000133514404,111.03704320909361,55.279361724853516,0.01776924915611744
2.1665000915527344,111.48717652093046,55.51852035522461,0.01773773320019245
2.171999931335449,111.93786201565092,55.758544921875,0.017706213518977165
2.177500009536743,112.38913728171781,55.99943161010742,0.01767469197511673
2.183000087738037,112.84098150360319,56.24118423461914,0.017643170431256294
2.188499927520752,113.2933739598119,56.483795166015625,0.01761164888739586
2.194000005722046,113.74635296490288,56.72726821899414,0.017580131068825722
2.19950008392334,114.1998981991639,56.971595764160156,0.017548616975545883
2.2049999237060547,114.65398942920086,57.21678161621094,0.01751711219549179
2.2105000019073486,115.10866567039153,57.46282196044922,0.017485613003373146
2.2160000801086426,115.56390707478039,57.709720611572266,0.017454126849770546
2.2214999198913574,116.01969387284572,57.95746994018555,0.017422650009393692
2.2269999980926514,116.47606575629095,58.2060661315918,0.01739118993282318
2.2325000762939453,116.9330033249978,58.45551681518555,0.017359742894768715
2.23799991607666,117.39048724923782,58.705814361572266,0.017328312620520592
2.243499994277954,117.848557873316,58.95696258544922,0.01729690097272396
2.249000072479248,118.3071962211759,59.208953857421875,0.01726550981402397
2.254499912261963,118.76638337896105,59.461788177490234,0.017234139144420624
2.259999990463257,119.22616032060563,59.71546936035156,0.017202790826559067
2.265500068664551,119.68650847049298,59.969993591308594,0.01717146672308445
2.2709999084472656,120.14740930688919,60.22535705566406,0.017140168696641922
2.2764999866485596,120.60890441111138,60.48155975341797,0.017108896747231483
2.2820000648498535,121.07097558452989,60.73860168457031,0.017077652737498283
2.2874999046325684,121.53360467395618,60.996482849121094,0.017046436667442322
2.2929999828338623,121.9968338465606,61.25519943237305,0.017015252262353897
2.2985000610351562,122.46064525741883,61.51475524902344,0.01698409952223301
2.303999900817871,122.92502109850102,61.77513885498047,0.016952980309724808
2.309499979019165,123.39000410199009,62.03636169433594,0.016921892762184143
2.315000057220459,123.85557675357416,62.29841613769531,0.016890842467546463
2.320499897003174,124.3217215671823,62.561302185058594,0.01685982756316662
2.3259999752044678,124.78848181985649,62.825016021728516,0.01682884991168976
2.3315000534057617,125.2558403049843,63.089561462402344,0.016797909513115883
2.3369998931884766,125.72377983547051,63.35493469238281,0.01676700823009014
2.3424999713897705,126.19234421371135,63.621131896972656,0.016736147925257683
2.3480000495910645,126.66151651809315,63.88815689086914,0.016705328598618507
2.3534998893737793,127.13127983771,64.15601348876953,0.016674552112817764
2.3589999675750732,127.60167848146,64.4246826171875,0.016643818467855453
2.364500045776367,128.07269579023068,64.69418334960938,0.016613127663731575
2.369999885559082,128.54431510675005,64.96450805664062,0.016582481563091278
2.375499963760376,129.0165812281843,65.23564910888672,0.016551880165934563
2.38100004196167,129.48947773564487,65.50762176513672,0.016521325334906578
2.3864998817443848,129.96298820315855,65.78040313720703,0.016490818932652473
2.3919999599456787,130.43715789854286,66.05400848388672,0.0164603590965271
2.3975000381469727,130.9119706210783,66.32843017578125,0.016429949551820755
2.4030001163482666,131.38743077844384,66.60366821289062,0.01639958843588829
2.4084999561309814,131.86352221874216,66.87973022460938,0.016369275748729706
2.4140000343322754,132.34029081093945,67.15660095214844,0.0163390152156353
2.4195001125335693,132.81772061130943,67.43428802490234,0.016308806836605072
2.424999952316284,133.29579564807887,67.7127914428711,0.016278648748993874
2.430500030517578,133.77456222203557,67.99210357666016,0.016248544678092003
2.436000108718872,134.25400455708194,68.27223205566406,0.01621849276125431
2.441499948501587,134.734106840062,68.55317687988281,0.016188494861125946
2.447000026702881,135.21491578787823,68.83493041992188,0.01615855097770691
2.452500104904175,135.69641577082166,69.11749267578125,0.01612866297364235
2.4579999446868896,136.1785911130974,69.40086364746094,0.016098830848932266
2.4635000228881836,136.66148893256764,69.68504333496094,0.01606905274093151
2.4690001010894775,137.14509372492483,69.97003936767578,0.016039332374930382
2.4744999408721924,137.6293899307559,70.2558364868164,0.01600966975092888
2.4800000190734863,138.1144250542455,70.54244232177734,0.015980063006281853
2.4855000972747803,138.6001836957745,70.8298568725586,0.015950515866279602
2.490999937057495,139.08665039160252,71.11807250976562,0.015921026468276978
2.496500015258789,139.57387301812196,71.40709686279297,0.01589159481227398
2.502000093460083,140.0618362599534,71.69692993164062,0.015862224623560905
2.507499933242798,140.55052472861115,71.98756408691406,0.015832912176847458
2.513000011444092,141.03998665907216,72.27899932861328,0.015803659334778786
2.5185000896453857,141.5302068000354,72.57123565673828,0.015774467960000038
2.5239999294281006,142.02116981814186,72.8642807006836,0.015745338052511215
2.5295000076293945,142.51292429381118,73.15812683105469,0.015716267749667168
2.5350000858306885,143.0054550199522,73.45276641845703,0.015687260776758194
2.5404999256134033,143.49874669849476,73.74821472167969,0.015658313408493996
2.5460000038146973,143.99284824264055,74.04446411132812,0.01562942937016487
2.551500082015991,144.48774446992314,74.34150695800781,0.015600607730448246
2.556999921798706,144.98342009804054,74.63935089111328,0.01557184848934412
2.5625,145.47992436075987,74.93799591064453,0.015543152578175068
2.568000078201294,145.97724208096923,75.23743438720703,0.01551451999694109
2.573499917984009,146.4753579729134,75.53767395019531,0.015485950745642185
2.5789999961853027,146.97432157916285,75.83871459960938,0.015457444824278355
2.5845000743865967,147.47411770899117,76.14054870605469,0.015429003164172173
2.5899999141693115,147.97473105429202,76.44317626953125,0.015400625765323639
2.5954999923706055,148.47621145510016,76.7466049194336,0.015372312627732754
2.6010000705718994,148.97854368842548,77.05081939697266,0.015344063751399517
2.6064999103546143,149.48171240523595,77.3558349609375,0.015315880067646503
2.611999988555908,149.98576773211312,77.66165161132812,0.015287760645151138
2.617500066757202,150.4906943954719,77.96825408935547,0.01525970734655857
2.622999906539917,150.9964769871097,78.27565002441406,0.015231719240546227
2.628499984741211,151.50316590964133,78.5838394165039,0.01520379725843668
2.634000062942505,152.01074582088933,78.892822265625,0.015175939537584782
2.6394999027252197,152.51920123557062,79.20259857177734,0.015148148871958256
2.6449999809265137,153.02858282221223,79.51316833496094,0.015120422467589378
2.6505000591278076,153.53887515237466,79.82452392578125,0.015092764049768448
2.6559998989105225,154.05006264613343,80.13668060302734,0.01506517082452774
2.6614999771118164,154.56219622818577,80.44961547851562,0.01503764372318983
2.6670000553131104,155.07526036650506,80.76335144042969,0.015010183677077293
2.672499895095825,155.58923936930535,81.07787322998047,0.014982789754867554
2.677999973297119,156.1041844080849,81.3931884765625,0.014955462887883186
2.683500051498413,156.6200798302532,81.70928955078125,0.014928202144801617
2.688999891281128,157.1369098152955,82.02617645263672,0.01490100845694542
2.694499969482422,157.6547257725021,82.34385681152344,0.01487388089299202
2.700000047683716,158.17351191208468,82.66232299804688,0.014846821315586567
2.7054998874664307,158.69325226829955,82.98158264160156,0.014819827862083912
2.7109999656677246,159.21399847956076,83.30162811279297,0.01479290146380663
2.7165000438690186,159.73573460261701,83.6224594116211,0.014766042120754719
2.7219998836517334,160.2584445103492,83.94407653808594,0.01473924983292818
2.7274999618530273,160.78218006197136,84.2664794921875,0.014712524600327015
2.7330000400543213,161.30692514485702,84.58967590332031,0.014685867354273796
2.7385001182556152,161.83268626766528,84.91365814208984,0.014659276232123375
2.74399995803833,162.35944706364404,85.23841857910156,0.0146327530965209
2.749500036239624,162.8872596740145,85.56397247314453,0.014606296084821224
2.755000114440918,163.41610773620727,85.89031219482422,0.014579907059669495
2.760499954223633,163.94597468588086,86.2174301147461,0.014553585089743137
2.7660000324249268,164.47691286687598,86.54534149169922,0.014527330175042152
2.7715001106262207,165.00890571156827,86.87403106689453,0.01450114231556654
2.7769999504089355,165.54193644313978,87.2035140991211,0.0144750215113163
2.7825000286102295,166.07605760076876,87.53377532958984,0.014448968693614006
2.7880001068115234,166.61125239711185,87.86481475830078,0.01442298199981451
2.7934999465942383,167.14750382837366,88.19664764404297,0.014397063292562962
2.7990000247955322,167.6848646220804,88.52926635742188,0.01437121070921421
2.804500102996826,168.22331775689884,88.86266326904297,0.014345426112413406
2.809999942779541,168.762845987937,89.19684600830078,0.0143197076395154
2.815500020980835,169.30350222437022,89.53180694580078,0.014294056221842766
2.821000099182129,169.8452691969809,89.8675537109375,0.014268471859395504
2.8264999389648438,170.38812940607045,90.20408630371094,0.014242954552173615
2.8320000171661377,170.93213593602792,90.5414047241211,0.014217503368854523
2.8375000953674316,171.47727125626363,90.87950134277344,0.014192119240760803
2.8429999351501465,172.02351759895214,91.21837615966797,0.014166802167892456
2.8485000133514404,172.57092821753542,91.55804443359375,0.014141551218926907
2.8540000915527344,173.11948530695037,91.89848327636719,0.01411636732518673
2.859499931335449,173.66917081833287,92.23970794677734,0.01409124955534935
2.865000009536743,174.22003816827265,92.58171844482422,0.014066197909414768
2.870500087738037,174.77206926454141,92.92450714111328,0.014041212387382984
2.875999927520752,175.32524576472957,93.26807403564453,0.014016293920576572
2.881500005722046,175.87962124291846,93.6124267578125,0.013991440646350384
2.88700008392334,176.43517730742485,93.95756530761719,0.013966653496026993
2.8924999237060547,176.99189531020346,94.30347442626953,0.0139419324696064
2.8980000019073486,177.54982897740916,94.6501693725586,0.013917277567088604
2.9035000801086426,178.1089596060309,94.99765014648438,0.013892688788473606
2.9089999198913574,178.66926823070463,95.34590911865234,0.013868164271116257
2.9144999980926514,179.2308087244814,95.6949462890625,0.01384370680898428
2.9200000762939453,179.79356206155495,96.04476165771484,0.013819313608109951
2.92549991607666,180.35750894799088,96.3953628540039,0.01379498653113842
2.930999994277954,180.92270339877535,96.74674224853516,0.013770724646747112
2.936500072479248,181.48912605426733,97.0988998413086,0.013746527023613453
2.941999912261963,182.05675728112016,97.45184326171875,0.013722395524382591
2.947499990463257,182.62565123152513,97.8055648803711,0.013698328286409378
2.953000068664551,183.19578820137826,98.16006469726562,0.013674326241016388
2.9584999084472656,183.76714820752017,98.51534271240234,0.013650388456881046
2.9639999866485596,184.33978553480858,98.87140655517578,0.013626514934003353
2.9695000648498535,184.91368012449453,99.2282485961914,0.013602706603705883
2.9749999046325684,185.4888116336112,99.58586883544922,0.013578961603343487
2.9804999828338623,186.06523447538194,99.94427490234375,0.013555281795561314
2.9860000610351562,186.6429282266276,100.30345153808594,0.013531665317714214
2.991499900817871,187.22187217503625,100.66341400146484,0.013508113101124763
2.996999979019165,187.80212085807108,101.02415466308594,0.013484624214470387
3.002500057220459,188.38365347879358,101.38567352294922,0.013461199589073658
3.007999897003174,188.96644894643015,101.74797058105469,0.013437837362289429
3.0134999752044678,189.55056191875985,102.11105346679688,0.013414539396762848
3.0190000534057617,190.13597121617863,102.47490692138672,0.013391304761171341
3.0244998931884766,190.72265536077947,102.83954620361328,0.013368132524192333
3.0299999713897705,191.3106691269225,103.20497131347656,0.0133450236171484
3.0355000495910645,191.89999094387088,103.5711669921875,0.013321977108716965
3.0409998893737793,192.4905989383522,103.93814086914062,0.013298993930220604
3.0464999675750732,193.08254799775386,104.30590057373047,0.013276073150336742
3.052000045776367,193.6758161521778,104.6744384765625,0.013253213837742805
3.057499885559082,194.27038112520177,105.04375457763672,0.013230417855083942
3.062999963760376,194.8662979138557,105.41384887695312,0.013207683339715004
3.06850004196167,195.4635441415058,105.78472137451172,0.013185011222958565
3.0739998817443848,196.06209712123223,106.15637969970703,0.013162399642169476
3.0794999599456787,196.66201195650473,106.52881622314453,0.01313985139131546
3.0850000381469727,197.2632658568183,106.90202331542969,0.013117363676428795
3.0905001163482666,197.86586186844676,107.2760238647461,0.013094937428832054
3.0959999561309814,198.46977674649378,107.65079498291016,0.013072571717202663
3.1015000343322754,199.07506573166,108.0263442993164,0.013050267472863197
3.1070001125335693,199.68170547127005,108.40267944335938,0.013028023764491081
3.112499952316284,200.2896722945341,108.77979278564453,0.01300584152340889
3.118000030517578,200.89902154177105,109.15768432617188,0.012983718886971474
3.123500108718872,201.50972943151083,109.5363540649414,0.012961657717823982
3.128999948501587,202.1217718612475,109.91580963134766,0.012939656153321266
3.134500026702881,202.73520426824206,110.2960433959961,0.012917714193463326
3.140000104904175,203.350002436605,110.67705535888672,0.01289583183825016
3.1454999446868896,203.96614182671846,111.05884552001953,0.012874010019004345
3.1510000228881836,204.5836779702828,111.44142150878906,0.012852247804403305
3.1565001010894775,205.20258621180437,111.82477569580078,0.012830544263124466
3.1619999408721924,205.82284156962282,112.20890808105469,0.012808901257812977
3.1675000190734863,206.44449966752637,112.59381866455078,0.012787315994501114
3.1730000972747803,207.06753540568673,112.97950744628906,0.012765790335834026
3.178499937057495,207.69192335593277,113.3659896850586,0.012744322419166565
3.184000015258789,208.31771923192997,113.75324249267578,0.012722914107143879
3.189500093460083,208.94489748524921,114.14127349853516,0.012701564468443394
3.194999933242798,209.57343223719357,114.53009033203125,0.012680272571742535
3.200500011444092,210.2033792892426,114.91968536376953,0.012659038417041302
3.2060000896453857,210.8347126405531,115.31006622314453,0.012637862004339695
3.2114999294281006,211.46740595835905,115.70122528076172,0.012616744264960289
3.2170000076293945,212.1015151300328,116.0931625366211,0.012595683336257935
3.2225000858306885,212.73701369896742,116.48588562011719,0.012574680149555206
3.2279999256134033,213.37387487523165,116.87938690185547,0.01255373377352953
3.2335000038146973,214.01215463031315,117.27366638183594,0.012532845139503479
3.239000082015991,214.6518260489546,117.66873168945312,0.01251201331615448
3.244499921798706,215.29286188143578,118.06458282470703,0.012491237372159958
3.25,215.93531818171726,118.4612045288086,0.012470519170165062
3.255500078201294,216.5791675734605,118.8586196899414,0.012449856847524643
3.260999917984009,217.2243823450005,119.2568130493164,0.0124292504042387
3.2664999961853027,217.8710186312602,119.6557846069336,0.012408699840307236
3.2720000743865967,218.51904859285753,120.0555419921875,0.012388206087052822
3.2774999141693115,219.16844405448563,120.4560775756836,0.01236776728183031
3.2829999923706055,219.8192612306566,120.8573989868164,0.012347384355962276
3.2885000705718994,220.47147181745987,121.2594985961914,0.012327056378126144
3.2939999103546143,221.12504717469716,121.66238403320312,0.01230678427964449
3.299499988555908,221.7800435952468,122.06605529785156,0.012286566197872162
3.305000066757202,222.43643230962272,122.47050476074219,0.012266403995454311
3.310499906539917,223.09418421198006,122.87574005126953,0.012246295809745789
3.315999984741211,223.75335567244792,123.2817611694336,0.012226242572069168
3.321500062942505,224.41391745540875,123.68856048583984,0.01220624428242445
3.3269999027252197,225.07583998906142,124.09614562988281,0.012186299078166485
3.3324999809265137,225.73917971982414,124.50450897216797,0.012166407890617847
3.3380000591278076,226.40390694582715,124.91366577148438,0.012146571651101112
3.3434998989105225,227.0699916294914,125.32360076904297,0.012126787565648556
3.3489999771118164,227.73749029267773,125.73432159423828,0.012107058428227901
3.3545000553131104,228.40637276764147,126.14582061767578,0.012087381444871426
3.359999895095825,229.07660855164184,126.55811309814453,0.012067758478224277
3.365499973297119,229.74825424127906,126.97118377685547,0.012048187665641308
3.371000051498413,230.4212792037581,127.38504028320312,0.012028670869767666
3.376499891281128,231.09565247227965,127.79969024658203,0.012009205296635628
3.381999969482422,231.77143071760307,128.21511840820312,0.011989793740212917
3.387500047683716,232.44858284318332,128.63133239746094,0.01197043340653181
3.3929998874664307,233.12707741971818,129.04832458496094,0.011951125226914883
3.3984999656677246,233.80697119168954,129.4661102294922,0.011931869201362133
3.4040000438690186,234.48823260055642,129.88467407226562,0.011912665329873562
3.4094998836517334,235.17082975654048,130.3040313720703,0.011893512681126595
3.4149999618530273,235.8548194775385,130.72418212890625,0.011874411255121231
3.4205000400543213,236.54016974524006,131.14511108398438,0.011855361983180046
3.4260001182556152,237.22687800885888,131.5668182373047,0.01183636300265789
3.43149995803833,237.91491176861018,131.98931884765625,0.011817416176199913
3.437000036239624,238.60432794001915,132.41261291503906,0.01179851870983839
3.442500114440918,239.29509389601247,132.83668518066406,0.011779672466218472
3.447999954223633,239.987176682866,133.2615509033203,0.011760877445340157
3.4535000324249268,240.68063328932072,133.68719482421875,0.011742131784558296
3.4590001106262207,241.37543063553724,134.1136474609375,0.011723436415195465
3.4644999504089355,242.07153531742065,134.54086303710938,0.011704791337251663
3.4700000286102295,242.76900439707038,134.96888732910156,0.011686195619404316
3.4755001068115234,243.4678043456464,135.39768981933594,0.011667649261653423
3.4809999465942383,244.16790131272572,135.8272705078125,0.01164915319532156
3.4865000247955322,244.86935243404562,136.25765991210938,0.011630706489086151
3.492000102996826,245.5721237360139,136.68882751464844,0.011612308211624622
3.497499942779541,246.27618092635635,137.1207733154297,0.011593959294259548
3.503000020980835,246.981581214885,137.55352783203125,0.011575658805668354
3.508500099182129,247.68829018793446,137.987060546875,0.011557407677173615
3.5139999389648438,248.3962731163556,138.42138671875,0.011539204977452755
3.5195000171661377,249.10558728458747,138.85650634765625,0.0115210497751832
3.5250000953674316,249.81619784406308,139.29241943359375,0.011502943001687527
3.5304999351501465,250.52806963415483,139.72911071777344,0.011484884656965733
3.5360000133514404,251.24126001466047,140.16659545898438,0.011466873809695244
3.5415000915527344,251.95573370770978,140.60487365722656,0.011448911391198635
3.546999931335449,252.6714551270795,141.0439453125,0.011430995538830757
3.552500009536743,253.38848170878117,141.4838104248047,0.011413127183914185
3.558000087738037,254.10677775172644,141.92446899414062,0.011395306326448917
3.563499927520752,254.8263072504041,142.36590576171875,0.011377532966434956
3.569000005722046,255.54712771807087,142.80813598632812,0.01135980524122715
3.57450008392334,256.26920303693635,143.2511749267578,0.01134212501347065
3.5799999237060547,256.99249678899184,143.6949920654297,0.01132449135184288
3.5855000019073486,257.717066565907,144.1396026611328,0.011306904256343842
3.5910000801086426,258.4428758401783,144.58502197265625,0.011289362795650959
3.5964999198913574,259.1698877885175,145.03121948242188,0.011271867901086807
3.6019999980926514,259.8981600823521,145.47821044921875,0.011254418641328812
3.6075000762939453,260.6276557918942,145.92599487304688,0.011237015016376972
3.61299991607666,261.35833769624736,146.3745880126953,0.011219657957553864
3.618499994277954,262.0902635481064,146.82395935058594,0.011202345602214336
3.624000072479248,262.82339602328045,147.27413940429688,0.011185078881680965
3.629499912261963,263.55769751139223,147.72509765625,0.011167856864631176
3.634999990463257,264.293225848077,148.17686462402344,0.011150679551064968
3.640500068664551,265.0299433230583,148.62942504882812,0.011133547872304916
3.6459999084472656,265.76781194505406,149.08277893066406,0.011116459965705872
3.6514999866485596,266.5068896344812,149.53692626953125,0.011099417693912983
3.6570000648498535,267.24713830375936,149.9918670654297,0.011082419194281101
3.6624999046325684,267.988519589708,150.44760131835938,0.011065465398132801
3.6679999828338623,268.7310914995552,150.90414428710938,0.011048554442822933
3.6735000610351562,269.4748155776345,151.36148071289062,0.011031688190996647
3.678999900817871,270.219653098303,151.81961059570312,0.011014866642653942
3.684499979019165,270.9656621578192,152.27854919433594,0.010998087003827095
3.690000057220459,271.7128039420869,152.73826599121094,0.01098135206848383
3.695499897003174,272.4610393728947,153.19879150390625,0.010964659973978996
3.7009999752044678,273.2104266379181,153.66012573242188,0.010948010720312595
3.7065000534057617,273.96092657473537,154.1222381591797,0.010931405238807201
3.7119998931884766,274.7124997628657,154.5851593017578,0.01091484259814024
3.7174999713897705,275.4652044840303,155.04888916015625,0.010898321866989136
3.7230000495910645,276.21900123798434,155.51341247558594,0.010881844907999039
3.7284998893737793,276.9738502727435,155.97872924804688,0.010865408927202225
3.7339999675750732,277.7298099668568,156.44485473632812,0.010849016718566418
3.739500045776367,278.48684049322986,156.91177368164062,0.010832665488123894
3.744999885559082,279.24490177954374,157.37948608398438,0.010816357098519802
3.750499963760376,280.0040523041832,157.8480224609375,0.010800089687108994
3.75600004196167,280.76425192459453,158.3173370361328,0.010783864185214043
3.7614998817443848,281.5254602597174,158.78746032714844,0.01076768059283495
3.7669999599456787,282.28773589100774,159.25839233398438,0.01075153797864914
3.7725000381469727,283.0510383722502,159.73011779785156,0.010735437273979187
3.7780001163482666,283.8153601796456,160.20265197753906,0.010719377547502518
3.7834999561309814,284.5806605392453,160.67599487304688,0.010703357867896557
3.7890000343322754,285.3469981753271,161.15013122558594,0.010687380097806454
3.7945001125335693,286.11433225591054,161.6250762939453,0.010671443305909634
3.799999952316284,286.882621727009,162.10081481933594,0.010655545629560947
3.805500030517578,287.65192542436125,162.57736206054688,0.010639689862728119
3.811000108718872,288.42220224152493,163.05471801757812,0.010623873211443424
3.816499948501587,289.1934108574525,163.5328826904297,0.010608097538352013
3.822000026702881,289.96561022334305,164.0118408203125,0.010592360980808735
3.827500104904175,290.73875897150356,164.4916229248047,0.01057666540145874
3.8329999446868896,291.5128155272066,164.97219848632812,0.01056100893765688
3.8385000228881836,292.28783896135616,165.4535675048828,0.010545391589403152
3.8440001010894775,293.06378765860325,165.93576049804688,0.010529814288020134
3.8494999408721924,293.84061980435797,166.41876220703125,0.01051427610218525
3.8550000190734863,294.61839459371413,166.90255737304688,0.010498777031898499
3.8605000972747803,295.39707017769916,167.3871612548828,0.010483317077159882
3.865999937057495,296.17660451602865,167.87257385253906,0.010467896237969398
3.871500015258789,296.95705693277046,168.3588104248047,0.010452513583004475
3.877000093460083,297.73838535972436,168.84584045410156,0.010437170043587685
3.882499933242798,298.52054754552313,169.33367919921875,0.010421864688396454
3.888000011444092,299.3036029482183,169.82232666015625,0.010406598448753357
3.8935000896453857,300.08750929521125,170.31178283691406,0.010391369462013245
3.8989999294281006,300.8722241390269,170.8020477294922,0.010376179590821266
3.9045000076293945,301.6578070770106,171.2931365966797,0.010361026972532272
3.9100000858306885,302.44421564737456,171.78501892089844,0.010345911607146263
3.9154999256134033,303.23140722189214,172.27772521972656,0.010330835357308388
3.9210000038146973,304.0194415428272,172.771240234375,0.010315795429050922
3.926500082015991,304.8082759747785,173.2655487060547,0.010300793685019016
3.931999921798706,305.597867724524,173.7606964111328,0.010285829193890095
3.9375,306.388276685136,174.2566375732422,0.010270901024341583
3.943000078201294,307.1794600635918,174.75338745117188,0.010256011039018631
3.948499917984009,307.9713749177865,175.25096130371094,0.010241157375276089
3.9539999961853027,308.76408129781714,175.7493438720703,0.010226340964436531
3.9595000743865967,309.55753626938736,176.24855041503906,0.010211560875177383
3.9649999141693115,310.35169675801376,176.74856567382812,0.010196817107498646
3.9704999923706055,311.14662297734867,177.2493896484375,0.010182109661400318
3.9760000705718994,311.94227186854357,177.7510223388672,0.010167439468204975
3.9814999103546143,312.7386002415917,178.25347900390625,0.010152804665267467
3.986999988555908,313.5356684805771,178.75674438476562,0.01013820618391037
3.992500066757202,314.3334334191867,179.26083374023438,0.010123643092811108
3.997999906539917,315.1318517691116,179.76573181152344,0.010109116323292255
4.003499984741211,315.93098409206993,180.27145385742188,0.010094624944031239
4.008999824523926,316.730752447296,180.77798461914062,0.010080168955028057
4.014500141143799,317.53125223205177,181.28533935546875,0.010065749287605286
4.019999980926514,318.3323360010251,181.7935028076172,0.010051364079117775
4.0254998207092285,319.1340644801726,182.302490234375,0.0100370142608881
4.031000137329102,319.9364986275127,182.8123016357422,0.010022698901593685
4.036499977111816,320.7394906877522,183.3229217529297,0.010008418932557106
4.041999816894531,321.54310158604574,183.83436584472656,0.009994174353778362
4.047500133514404,322.34739247563925,184.3466339111328,0.00997996423393488
4.052999973297119,323.1522153197399,184.85971069335938,0.009965788573026657
4.058499813079834,323.9576312511113,185.3736114501953,0.009951646439731121
4.064000129699707,324.7637016268018,185.88833618164062,0.00993753969669342
4.069499969482422,325.57027815728793,186.4038848876953,0.009923466481268406
4.074999809265137,326.3774221917308,186.9202423095703,0.009909427724778652
4.08050012588501,327.18519529993944,187.43743896484375,0.00989542342722416
4.085999965667725,327.9934489687123,187.9554443359375,0.009881452657282352
4.0914998054504395,328.8022447727859,188.47427368164062,0.009867515414953232
4.0970001220703125,329.6116445041231,188.99392700195312,0.009853611700236797
4.102499961853027,330.4214994551199,189.514404296875,0.009839741513133049
4.107999801635742,331.2318714356836,190.03570556640625,0.009825904853641987
4.113500118255615,332.0428224697341,190.55783081054688,0.00981210172176361
4.11899995803833,332.85420368476076,191.08078002929688,0.009798331186175346
4.124499797821045,333.6660771358733,191.6045379638672,0.009784594178199768
4.130000114440918,334.4785050891823,192.129150390625,0.009770889766514301
4.135499954223633,335.291338536968,192.65457153320312,0.00975721888244152
4.140999794006348,336.10463978998257,193.18081665039062,0.009743579663336277
4.146500110626221,336.91847136722276,193.7078857421875,0.00972997397184372
4.1519999504089355,337.7326841556288,194.2357940673828,0.009716399945318699
4.15749979019165,338.54734073248346,194.7645263671875,0.009702859446406364
4.163000106811523,339.362503880835,195.29408264160156,0.009689349681138992
4.168499946594238,340.17802441227,195.824462890625,0.009675873443484306
4.173999786376953,340.9939651819696,196.35568237304688,0.009662428870797157
4.179500102996826,341.81038924866823,196.88772583007812,0.009649015963077545
4.184999942779541,342.6271473787011,197.42059326171875,0.00963563472032547
4.190499782562256,343.4443027169875,197.9542999267578,0.009622285142540932
4.196000099182129,344.26191861005935,198.48883056640625,0.009608968161046505
4.201499938964844,345.0798458092217,199.02418518066406,0.00959568191319704
4.206999778747559,345.8981477614316,199.5603790283203,0.009582426398992538
4.212500095367432,346.7168881136648,200.09739685058594,0.009569203481078148
4.2179999351501465,347.53591763242525,200.63525390625,0.00955601129680872
4.223499774932861,348.35530007953366,201.1739501953125,0.009542849846184254
4.229000091552734,349.17509941557927,201.71347045898438,0.00952971912920475
4.234499931335449,349.99516645253334,202.25381469726562,0.009516620077192783
4.239999771118164,350.81556528042586,202.7949981689453,0.009503550827503204
4.245500087738037,351.6363601871212,203.33702087402344,0.009490513242781162
4.250999927520752,352.45740206035657,203.8798828125,0.009477505460381508
4.256499767303467,353.27875533222016,204.42356872558594,0.009464528411626816
4.26200008392334,354.10048463212274,204.9680938720703,0.009451582096517086
4.267499923706055,354.92244095378857,205.51344299316406,0.009438665583729744
4.2729997634887695,355.74468908577217,206.0596466064453,0.00942577887326479
4.278500080108643,356.5672940138423,206.60667419433594,0.009412922896444798
4.283999919891357,357.3901068678836,207.154541015625,0.009400096721947193
4.2895002365112305,358.21326418127114,207.7032470703125,0.009387300349771976
4.295000076293945,359.03661719139706,208.25279235839844,0.009374532848596573
4.30049991607666,359.8602313145041,208.8031768798828,0.009361796081066132
4.306000232696533,360.68417216477076,209.35438537597656,0.009349088184535503
4.311500072479248,361.5082911658121,209.9064483642578,0.009336410090327263
4.316999912261963,362.33265413157136,210.4593505859375,0.009323760867118835
4.322500228881836,363.1573270749422,211.01309204101562,0.009311141446232796
4.328000068664551,363.9821616356371,211.56765747070312,0.009298550896346569
4.333499908447266,364.8072240418277,212.12307739257812,0.009285989217460155
4.339000225067139,365.6325807221626,212.67933654785156,0.00927345734089613
4.3445000648498535,366.4580835621047,213.2364501953125,0.009260953404009342
4.349999904632568,367.28379922123736,213.7943878173828,0.009248478338122368
4.355500221252441,368.10979456161675,214.35317993164062,0.009236032143235207
4.361000061035156,368.935921743908,214.9127960205078,0.009223613888025284
4.366499900817871,369.76224787691257,215.4732666015625,0.009211224503815174
4.372000217437744,370.5888402744097,216.0345916748047,0.009198863990604877
4.377500057220459,371.41555140150007,216.5967559814453,0.009186530485749245
4.382999897003174,372.24244883462825,217.15975952148438,0.009174225851893425
4.388500213623047,373.0696003583175,217.72360229492188,0.009161950089037418
4.394000053405762,373.8968587709993,218.28829956054688,0.009149701334536076
4.399499893188477,374.7242921359218,218.8538360595703,0.009137480519711971
4.40500020980835,375.55196872802077,219.42022705078125,0.009125287644565105
4.4105000495910645,376.37974170768007,219.9874725341797,0.009113122709095478
4.415999889373779,377.20767964475556,220.55555725097656,0.009100984781980515
4.421500205993652,378.03585132498597,221.12448120117188,0.00908887479454279
4.427000045776367,378.86411029899136,221.6942596435547,0.009076791815459728
4.432499885559082,379.69252566372654,222.264892578125,0.009064736776053905
4.438000202178955,380.5211667368943,222.83636474609375,0.009052708745002747
4.44350004196167,381.34988748718814,223.40869140625,0.009040707722306252
4.448999881744385,382.178757559916,223.98187255859375,0.00902873370796442
4.454500198364258,383.0078468266097,224.555908203125,0.009016786701977253
4.460000038146973,383.8370097015002,225.1307830810547,0.00900486670434475
4.4654998779296875,384.6663164002274,225.70651245117188,0.00899297371506691
4.4710001945495605,385.49583737079337,226.28309631347656,0.00898110680282116
4.476500034332275,386.32542749993013,226.86053466796875,0.008969266898930073
4.48199987411499,387.1551575963694,227.43882751464844,0.00895745400339365
4.487500190734863,387.985098708003,228.01797485351562,0.008945666253566742
4.493000030517578,388.81510622056055,228.59796142578125,0.008933905512094498
4.498499870300293,389.6452515593678,229.17881774902344,0.008922171778976917
4.504000186920166,390.47560639643655,229.76052856445312,0.008910463191568851
4.509500026702881,391.3060266424622,230.3430938720703,0.008898780681192875
4.514999866485596,392.1365843636555,230.926513671875,0.008887125179171562
4.520500183105469,392.96735188123523,231.5107879638672,0.008875494822859764
4.526000022888184,393.79818565617995,232.09591674804688,0.008863890543580055
4.531499862670898,394.629158420768,232.68190002441406,0.008852311410009861
4.5370001792907715,395.4603431712934,233.2687530517578,0.008840758353471756
4.542500019073486,396.291596943801,233.85646057128906,0.00882923137396574
4.547999858856201,397.12299316257156,234.4450225830078,0.008817729540169239
4.553500175476074,397.9546055257557,235.03445434570312,0.008806252852082253
4.559000015258789,398.78629166854785,235.62474060058594,0.00879480130970478
4.564499855041504,399.6181257340793,236.21588134765625,0.008783374913036823
4.570000171661377,400.45018214998146,236.80789184570312,0.008771974593400955
4.575500011444092,401.282319174011,237.4007568359375,0.008760598488152027
4.580999851226807,402.11461169584453,237.99447631835938,0.008749247528612614
4.58650016784668,402.94713490114646,238.58908081054688,0.008737921714782715
4.5920000076293945,403.7797476929029,239.1845245361328,0.00872662104666233
4.597499847412109,404.6125257359191,239.78085327148438,0.008715344592928886
4.603000164031982,405.4455450033854,240.37803649902344,0.008704093284904957
4.608500003814697,406.27866506539027,240.97607421875,0.008692866191267967
4.613999843597412,407.1119623913962,241.57498168945312,0.008681663312017918
4.619500160217285,407.9455137725333,242.1747589111328,0.008670485578477383
4.625,408.7791794670459,242.77540588378906,0.008659331128001213
4.630499839782715,409.6130367795195,243.37692260742188,0.008648201823234558
4.636000156402588,410.4471633504078,243.9792938232422,0.008637096732854843
4.641499996185303,411.2814201463066,244.58253479003906,0.008626014925539494
4.646999835968018,412.11588533835305,245.1866455078125,0.008614958263933659
4.652500152587891,412.9506374486788,245.7916259765625,0.008603924885392189
4.6579999923706055,413.78553817155205,246.39747619628906,0.00859291572123766
4.66349983215332,414.62066657703076,247.0041961669922,0.008581929840147495
4.669000148773193,415.45610210234247,247.61178588867188,0.008570968173444271
4.674499988555908,416.29170718773764,248.22024536132812,0.008560029789805412
4.679999828338623,417.127561835615,248.82957458496094,0.008549115620553493
4.685500144958496,417.963746432694,249.43978881835938,0.008538223803043365
4.690999984741211,418.8001241825932,250.0508575439453,0.008527356199920177
4.696499824523926,419.6367760544546,250.6627960205078,0.008516511879861355
4.702000141143799,420.4737834199731,251.27561950683594,0.008505690842866898
4.707499980926514,421.3110102624188,251.88931274414062,0.008494893088936806
4.7129998207092285,422.1485385531838,252.50389099121094,0.008484117686748505
4.718500137329102,422.986450685465,253.11932373046875,0.008473366498947144
4.723999977111816,423.8246114374385,253.7356414794922,0.008462636731564999
4.729499816894531,424.66310381925047,254.35284423828125,0.008451931178569794
4.735000133514404,425.50201128329286,254.97091674804688,0.00844124797731638
4.740499973297119,426.341199416699,255.58985900878906,0.00843058805912733
4.745999813079834,427.18075230604956,256.2096862792969,0.008419949561357498
4.751500129699707,428.02075450168206,256.83038330078125,0.008409335277974606
4.756999969482422,428.86107241262926,257.45196533203125,0.008398742415010929
4.762499809265137,429.70179124062304,258.0744323730469,0.008388171903789043
4.76800012588501,430.542996673884,258.6977844238281,0.008377624675631523
4.773499965667725,431.3845559550251,259.3219909667969,0.008367098867893219
4.7789998054504395,432.22655544085717,259.94708251953125,0.008356595411896706
4.7845001220703125,433.0690819985806,260.57305908203125,0.008346114307641983
4.789999961853027,433.9120037147949,261.199951171875,0.008335655555129051
4.795499801635742,434.755408142425,261.8276672363281,0.00832521915435791
4.801000118255615,435.59938336995566,262.456298828125,0.008314804174005985
4.80649995803833,436.44379833707706,263.0858154296875,0.008304410614073277
4.811999797821045,437.28874183510084,263.7162170410156,0.008294039405882359
4.817500114440918,438.13430321726946,264.3475036621094,0.008283689618110657
4.822999954223633,438.9803522841237,264.97967529296875,0.008273362182080746
4.828499794006348,439.8269791087881,265.6127014160156,0.00826305616647005
4.834000110626221,440.67427435404295,266.24664306640625,0.008252771571278572
4.8394999504089355,441.52210868758215,266.8814697265625,0.00824250839650631
4.84499979019165,442.37057350905195,267.5171813964844,0.008232266642153263
4.850500106811523,443.2197608368103,268.1537780761719,0.008222046308219433
4.855999946594238,444.0695422105144,268.7912902832031,0.008211846463382244
4.861499786376953,444.92001040229275,269.4296569824219,0.008201668970286846
4.867000102996826,445.7712588333963,270.06890869140625,0.00819151196628809
4.872499942779541,446.62315991881144,270.7090759277344,0.00818137638270855
4.877999782562256,447.4758078503717,271.3501281738281,0.00817126128822565
4.883500099182129,448.32929750086555,271.9920654296875,0.008161167614161968
4.888999938964844,449.1835021623473,272.6348876953125,0.008151094429194927
4.894499778747559,450.0385174949456,273.2785949707031,0.008141042664647102
4.900000095367432,450.89443987294976,273.9232177734375,0.008131011389195919
4.9054999351501465,451.75114346563845,274.5687255859375,0.008121000602841377
4.910999774932861,452.608725451286,275.2151184082031,0.008111010305583477
4.916500091552734,453.467283757085,275.8624267578125,0.008101040497422218
4.921999931335449,454.32669342799767,276.5106201171875,0.008091091178357601
4.927499771118164,455.1870532117026,277.1596984863281,0.0080811632797122
4.933000087738037,456.04846264104583,277.8096923828125,0.008071254938840866
4.938499927520752,456.9107976333972,278.4605712890625,0.008061367087066174
4.943999767303467,457.77415855852763,279.1123352050781,0.008051498793065548
4.94950008392334,458.6386466090942,279.7650146484375,0.008041650988161564
4.954999923706055,459.5041385698451,280.4186096191406,0.008031823672354221
4.9604997634887695,460.3707364866858,281.07305908203125,0.008022015914320946
4.966000080108643,461.23854326775313,281.72845458984375,0.008012228645384312
4.971499919891357,462.1074365582945,282.38470458984375,0.008002460934221745
4.9770002365112305,462.9775956246984,283.0419006347656,0.007992713712155819
4.982500076293945,463.8488986811386,283.699951171875,0.00798298604786396
4.98799991607666,464.72145069117556,284.35894775390625,0.007973277010023594
4.993500232696533,465.5953575497415,285.0188293457031,0.007963588461279869
4.999000072479248,466.4704983158581,285.6795959472656,0.007953920401632786
5.004499912261963,467.3469797804863,286.34130859375,0.007944270968437195
5.010000228881836,468.22490970975485,287.0038757324219,0.00793464109301567
5.015500068664551,469.10416799545277,287.6673889160156,0.007925030775368214
5.020999908447266,469.98486331548906,288.331787109375,0.007915439084172249
5.026500225067139,470.8671053683178,288.9971008300781,0.007905867882072926
5.0320000648498535,471.75077486450834,289.6632995605469,0.007896315306425095
5.037499904632568,472.63598242988854,290.3304443359375,0.007886781357228756
5.043000221252441,473.5228397580714,290.99847412109375,0.007877267897129059
5.048500061035156,474.4112283621964,291.6673889160156,0.00786777213215828
5.053999900817871,475.3012608786936,292.3372497558594,0.007858295924961567
5.059500217437744,476.193051060662,293.00799560546875,0.007848839275538921
5.065000057220459,477.08648120555836,293.6796875,0.007839401252567768
5.070499897003174,477.9816660245643,294.3522644042969,0.007829981856048107
5.076000213623047,478.8787213963364,295.0257568359375,0.007820581085979939
5.081500053405762,479.77753038215315,295.7001647949219,0.007811198942363262
5.086999893188477,480.67820983377817,296.3754577636719,0.0078018358908593655
5.09250020980835,481.5808778231281,297.05169677734375,0.007792491000145674
5.0980000495910645,482.48541815251815,297.7288513183594,0.007783165201544762
5.103499889373779,483.39194988179696,298.4068908691406,0.0077738575637340546
5.109000205993652,484.3005933455265,299.08587646484375,0.00776456855237484
5.114500045776367,485.211233061971,299.7657775878906,0.00775529770180583
5.119999885559082,486.12399036828344,300.4465637207031,0.007746045012027025
5.125500202178955,487.0389879327644,301.1282958984375,0.007736810948699713
5.13100004196167,487.9561109621846,301.8109436035156,0.007727595046162605
5.136499881744385,488.87548314184824,302.4945068359375,0.007718397304415703
5.142000198364258,489.79722954672025,303.1789855957031,0.007709217723459005
5.147500038146973,490.721236042164,303.8643798828125,0.007700056303292513
5.1529998779296875,491.6476287342787,304.5506896972656,0.007690912578254938
5.1585001945495605,492.5765351793517,305.2379150390625,0.007681787014007568
5.164000034332275,493.50784186893725,305.92608642578125,0.007672679144889116
5.16949987411499,494.44167740435853,306.61517333984375,0.007663589436560869
5.175000190734863,495.3781718996822,307.30517578125,0.0076545169577002525
5.180500030517578,496.31721243770414,307.99609375,0.007645462639629841
5.185999870300293,497.25893019121423,308.6879577636719,0.007636426016688347
5.191500186920166,498.2034579103934,309.3807373046875,0.007627407088875771
5.197000026702881,499.1506832316709,310.0744323730469,0.007618405390530825
5.202499866485596,500.1007399773713,310.7690734863281,0.0076094213873147964
5.208000183105469,501.0537636139752,311.4646301269531,0.007600454613566399
5.213500022888184,502.0096422913301,312.1611022949219,0.0075915055349469185
5.218999862670898,502.96851256120135,312.8585205078125,0.007582573685795069
5.2245001792907715,503.9305126884873,313.5568542480469,0.007573659066110849
5.230000019073486,504.89553129343267,314.256103515625,0.007564762141555548
5.235499858856201,505.8637077390816,314.956298828125,0.007555881980806589
5.241000175476074,506.8351831728263,315.6574401855469,0.007547019049525261
5.246500015258789,507.8098466394633,316.3594970703125,0.007538173347711563
5.251999855041504,508.7878403970712,317.0624694824219,0.007529344875365496
5.257500171661377,509.76930856158833,317.76641845703125,0.007520533166825771
5.263000011444092,510.7541405536782,318.47125244140625,0.00751173822209239
5.268499851226807,511.7424816121657,319.1770324707031,0.007502960506826639
5.27400016784668,512.7344789095749,319.8837585449219,0.007494199555367231
5.2795000076293945,513.7300221907833,320.5914306640625,0.007485455367714167
5.284999847412109,514.729259763126,321.3000183105469,0.007476727478206158
5.290500164031982,515.7323419457396,322.0095520019531,0.007468016818165779
5.296000003814697,516.7391587531358,322.7200012207031,0.007459322921931744
5.301499843597412,517.7498616508763,323.4314270019531,0.007450645323842764
5.307000160217285,518.7646041968492,324.1437683105469,0.007441984489560127
5.3125,519.7832766175198,324.8570251464844,0.007433339953422546
5.317999839782715,520.8060336284595,325.5712585449219,0.007424711715430021
5.323500156402588,521.8330321205968,326.2864074707031,0.007416100241243839
5.328999996185303,522.8641624715056,327.00250244140625,0.007407505065202713
5.334499835968018,523.8995827406457,327.71954345703125,0.0073989261873066425
5.340000152587891,524.9394532483884,328.4375305175781,0.007390363607555628
5.3454999923706055,525.9836644593464,329.1564636230469,0.007381816860288382
5.35099983215332,527.0323778729825,329.8763427734375,0.007373286876827478
5.356500148773193,528.0857573375855,330.5971374511719,0.007364772260189056
5.361999988555908,529.1436933375695,331.31890869140625,0.0073562744073569775
5.367499828338623,530.20635091053,332.0415954589844,0.007347792387008667
5.373000144958496,531.2738975334557,332.7652587890625,0.007339326199144125
5.378499984741211,532.3462236399617,333.4898376464844,0.0073308758437633514
5.383999824523926,533.4234979061073,334.21539306640625,0.007322441786527634
5.389500141143799,534.5058915406142,334.94189453125,0.007314023096114397
5.394999980926514,535.5932948522354,335.6693115234375,0.007305620703846216
5.4004998207092285,536.6858802581457,336.397705078125,0.0072972336784005165
5.406000137329102,537.7838228040166,337.1270446777344,0.007288862485438585
5.411499977111816,538.8870125962831,337.8573303222656,0.0072805071249604225
5.416999816894531,539.9956258980731,338.5885925292969,0.007272167131304741
5.422500133514404,541.1098416996035,339.3207702636719,0.0072638425044715405
5.427999973297119,542.2295498239398,340.0539245605469,0.0072555337101221085
5.433499813079834,543.3549304873421,340.78802490234375,0.007247240282595158
5.439000129699707,544.4861667344628,341.5230712890625,0.007238962221890688
5.444499969482422,545.6231480203912,342.25909423828125,0.007230699993669987
5.449999809265137,546.7660586239673,342.9960632324219,0.007222452666610479
5.45550012588501,547.9150857565679,343.7339782714844,0.007214220706373453
5.460999965667725,549.0701184170277,344.47283935546875,0.007206004112958908
5.4664998054504395,550.231345058608,345.2126770019531,0.007197802420705557
5.4720001220703125,551.3989571741149,345.9534912109375,0.007189616095274687
5.477499961853027,552.5728432140487,346.6952209472656,0.007181445136666298
5.482999801635742,553.7531959203269,347.4379577636719,0.0071732886135578156
5.488500118255615,554.9402111843822,348.1816101074219,0.007165147457271814
5.49399995803833,556.1337768124657,348.9262390136719,0.007157021667808294
5.499499797821045,557.3340899519014,349.6718444824219,0.007148910313844681
5.505000114440918,558.5413510122685,350.41839599609375,0.007140814326703548
5.510499954223633,559.7554470558762,351.1659240722656,0.007132732775062323
5.515999794006348,560.9765797545465,351.9144287109375,0.007124666124582291
5.521500110626221,562.204954158226,352.66387939453125,0.0071166143752634525
5.5269999504089355,563.4404564815434,353.4142761230469,0.007108577061444521
5.53249979019165,564.6832930424629,354.1656494140625,0.007100554648786783
5.538000106811523,565.9336736559924,354.9179992675781,0.007092547137290239
5.543499946594238,567.1914835812914,355.67132568359375,0.007084554061293602
5.548999786376953,568.4569339067298,356.42559814453125,0.007076575420796871
5.554500102996826,569.7302393396504,357.1808776855469,0.007068611215800047
5.559999942779541,571.011284071888,357.93707275390625,0.0070606619119644165
5.565499782562256,572.3002840889695,358.69427490234375,0.007052726577967405
5.571000099182129,573.5974591205004,359.45245361328125,0.007044806145131588
5.576499938964844,574.9026921749705,360.2115783691406,0.00703689968213439
5.581999778747559,576.2162042644096,360.9716796875,0.007029007654637098
5.587500095367432,577.5382202733314,361.7327575683594,0.007021129596978426
5.5929999351501465,578.8686219065221,362.49481201171875,0.0070132664404809475
5.598499774932861,580.2076353346422,363.2578430175781,0.007005416788160801
5.604000091552734,581.555490732323,364.0218505859375,0.006997582037001848
5.609499931335449,582.912068376049,364.7868347167969,0.006989760790020227
5.614999771118164,584.2775997298202,365.55279541015625,0.006981953978538513
5.620500087738037,585.6523203965015,366.3197326660156,0.006974160671234131
5.625999927520752,587.0361090951789,367.087646484375,0.006966381799429655
5.631499767303467,588.4292027206753,367.8565368652344,0.0069586168974637985
5.63700008392334,589.8318424448719,368.62640380859375,0.006950865965336561
5.642499923706055,591.2439052959644,369.39727783203125,0.006943128537386656
5.6479997634887695,592.6656337398173,370.1690979003906,0.006935405544936657
5.653500080108643,594.0972746609692,370.9419250488281,0.006927695591002703
5.658999919891357,595.5387032586249,371.7156982421875,0.006920000072568655
5.6645002365112305,596.9902939937034,372.490478515625,0.006912318058311939
5.670000076293945,598.451920767051,373.2662658691406,0.006904649548232555
5.67549991607666,599.9238356489642,374.0429992675781,0.006896995007991791
5.681000232696533,601.4062953721482,374.82073974609375,0.006889353971928358
5.686500072479248,602.8991717678763,375.5994567871094,0.006881726440042257
5.691999912261963,604.402722865367,376.3791809082031,0.0068741124123334885
5.697500228881836,605.9172115070475,377.1598815917969,0.0068665118888020515
5.703000068664551,607.442507304085,377.9415588378906,0.0068589248694479465
5.708499908447266,608.9788743952641,378.7242431640625,0.006851350888609886
5.714000225067139,610.5265818870724,379.5079040527344,0.006843790877610445
5.7195000648498535,612.0854970150632,380.2925720214844,0.0068362439051270485
5.724999904632568,613.6558901812544,381.0782165527344,0.006828710436820984
5.730500221252441,615.2380369135485,381.8648376464844,0.006821190007030964
5.736000061035156,616.8318019114312,382.6524963378906,0.006813683081418276
5.741499900817871,618.4374619968345,383.44110107421875,0.006806189194321632
5.747000217437744,620.0552992793916,384.2307434082031,0.0067987083457410336
5.752500057220459,621.6851757571151,385.0213623046875,0.006791241001337767
5.757999897003174,623.3273748315441,385.8129577636719,0.006783786229789257
5.763500213623047,624.9821853574861,386.6055603027344,0.006776344962418079
5.769000053405762,626.6494664609747,387.399169921875,0.006768916733562946
5.774499893188477,628.3295082859297,388.19378662109375,0.006761501077562571
5.78000020980835,630.0226065988056,388.9893798828125,0.0067540984600782394
5.7855000495910645,631.7286174780404,389.7860107421875,0.006746708881109953
5.790999889373779,633.4478379757575,390.5836181640625,0.006739332340657711
5.796500205993652,635.1805709398566,391.3822021484375,0.0067319683730602264
5.802000045776367,636.9266692202299,392.18182373046875,0.0067246174439787865
5.807499885559082,638.6864369461739,392.982421875,0.006717279087752104
5.813000202178955,640.460184219972,393.7840576171875,0.006709953770041466
5.81850004196167,642.2477604766975,394.586669921875,0.006702640559524298
5.823999881744385,644.0494770950884,395.3902893066406,0.006695340387523174
5.829500198364258,645.8656516079399,396.1949462890625,0.006688052788376808
5.835000038146973,647.6961298438353,397.0005798339844,0.006680778227746487
5.8404998779296875,649.541230606385,397.8072204589844,0.006673515774309635
5.8460001945495605,651.4012790383744,398.6148681640625,0.006666265893727541
5.851500034332275,653.2761171647055,399.4235534667969,0.006659028586000204
5.85699987411499,655.1660713925819,400.23321533203125,0.006651803385466337
5.862500190734863,657.0714746575393,401.0439147949219,0.006644591223448515
5.868000030517578,658.9921649780943,401.8555908203125,0.006637390702962875
5.873499870300293,660.9284765470651,402.6683044433594,0.00663020322099328
5.879000186920166,662.880750278849,403.4820251464844,0.0066230278462171555
5.884500026702881,664.8488199772227,404.2967834472656,0.0066158645786345005
5.889999866485596,666.8330278059095,405.1125183105469,0.006608713883906603
5.895500183105469,668.8337228478586,405.9292907714844,0.006601575296372175
5.901000022888184,670.8507344778379,406.7470703125,0.006594448816031218
5.906499862670898,672.8844130193665,407.5658874511719,0.00658733444288373
5.9120001792907715,674.9351159168588,408.3857116699219,0.006580232176929712
5.917500019073486,677.0026678961822,409.20654296875,0.006573142018169165
5.922999858856201,679.087427632771,410.0284118652344,0.006566063966602087
5.928500175476074,681.1897611291013,410.8512878417969,0.006558998022228479
5.934000015258789,683.3094882361406,411.6751708984375,0.006551944185048342
5.939499855041504,685.4469761770785,412.5000915527344,0.006544901989400387
5.945000171661377,687.6025997124292,413.3260498046875,0.006537871900945902
5.950500011444092,689.7761735863821,414.15301513671875,0.006530853919684887
5.955999851226807,691.9680737690289,414.9809875488281,0.006523847579956055
5.96150016784668,694.1786839826775,415.8100280761719,0.006516852881759405
5.9670000076293945,696.4078136266711,416.64007568359375,0.006509870290756226
5.972499847412109,698.6558476208255,417.47113037109375,0.006502899341285229
5.978000164031982,700.9231788565382,418.30322265625,0.0064959400333464146
5.983500003814697,703.2096111440803,419.1363525390625,0.00648899283260107
5.988999843597412,705.5155385594551,419.97052001953125,0.006482056807726622
5.994500160217285,707.8413633740291,420.8056945800781,0.006475132890045643
6.0,710.1868835585851,421.64190673828125,0.0064682201482355595
